absolwenci#akademia wykształciła ponad 170 000 abwsolwentów - inżynierów i magistrów zapewniając kadrę dla naszej gospodarki. wykształcenie                                                                                                                                                                                                                                                                                                                                                                                                                                                                                                                                                                                                                                                                                                                                                                                                                                                                                                                                                                                                                                        ,które zdobyć można w naszej akademii                                                                                                                                                                                                                                                                                                                                                                                                                                                                                           ,jest bardzo cenione przez pracodawców - zarówno w kraju                                                                                                                                                                                                                                 ,jak i za granicą. błyskotliwe kariery wielu absolwentów agh                                                                                                                                                                                                                                                                                                      ,związane z piastowaniem przez nich wszelkich                                                                                                                                                                                                                       ,w tym także bardzo często najwyższych stanowisk                                                                                                                                                                                                                            ,stanowią łatwy do prześledzenia praktyczny dowód jakości i użyteczności wiedzy                                                                               ,jaką zdobyli oni w murach agh.
aktualności#akademia górniczo-hutnicza imienia stanisława staszica w krakowie w roku 2019 obchodzi 100-lecie otwarcia uczelni. wspaniały jubileusz 100-lecia otwarcia uczelni rozpoczęliśmy 4 października 2018 roku inauguracją 100 roku akademickiego                                                                                                                                                                                                                                                                                                                                                                                                                                                                                                                                                                                                                                                                                                                                                                                                                                                                                                                            ,a jego kulminacją były uroczystości w październiku 2019 roku
uczelnią#multimedia#akademia górniczo-hutnicza to ponad 100-letnia historia edukacji                                                                                                                                                                                                                                                                                                                                                                                                                                                                                                                                                                                                                                                                                                                                                                                                                                                                                                                                                                                                                                                                                               ,badań i nauk technicznych. historię akademii można lepiej poznać dzięki galeriom                                                                                                                                                                                                                                                                                                                                                                                                                                               ,filmom oraz wydawnictwom informacyjnym.
uczelnią#agh jest nowoczesnym uniwersytetem technicznym                                                                                                                                                                                                                                                                                                                                                                                                                                                                                                                                                                                                                                                                                                                                                                                                                                                                                                                                                                                                                                                                                                                            ,który aktywnie uczestniczy w budowaniu społeczeństwa opartego na wiedzy i wykorzystywaniu technologii na rzecz rozwoju i wzrostu gospodarczego. nasza uczelnia została powołana w 1913 roku                                                                                                                                                                                                                                                                                                                                    ,a jej otwarcie nastąpiło w 1919 roku. akademia górniczo-hutnicza jest nowoczesną uczelnią publiczną o zasięgu ogólnopolskim                                                                                                                                                             ,rozwijającą partnerską współpracę z uczelniami europy i świata. akademia górniczo-hutnicza jest uniwersytetem technicznym                                                                                                                                                                                                                                        ,w którym nauki ścisłe mają bardzo silną reprezentację i stanowią podstawę rozwoju maksymalnie szerokiego spektrum nauk stosowanych oraz stopniowo wzrastającej roli nauk humanistycznych. zgodnie ze światowymi trendami rozwoju tworzymy nowe kierunki kształcenia,ale zachowujemy klasyczne                                                                                                                                                                                                                                                  ,niezbędne do prawidłowego rozwoju nauki                                                                                                                      ,techniki oraz gospodarki naszego kraju.
współpraca#oferta#dla#biznesu#oferta dla biznesu to: transfer                                                                                                                                                                                                                                                                                                                                                                                                                                                                                                                                                                                                                                                                                                                                                                                                                                                                                                                                                                                                                                                                                                                      ,ochrona i promocja wyników badań                                                                                                                                                                                                                                                                                                                                                                                                                                                                                               ,wynalazków oraz patentów: umowy oraz porozumienia z przemysłem                                                                                                                                                                                                                          ,administracją oraz innymi instytucjami. oferta biznesu to również pośrednictwo w pozyskiwaniu oraz kojarzeniu podmiotów                                                                                                                                                                                                                                          ,budowa spółek                                                                                                                                                                                                                                                      ,coaching                                                                                                                                                                                                                                                                   ,mentoring. agh oferuje ponad 100 kierunków studiów podyplomowych i kursów dokształcających                                                                   ,skierowanych zarówno do specjalistów kadry inżynierskiej                                                                              ,jak również do osób                                                                                                                                                                  ,które są zainteresowane zdobyciem nowej specjalizacji.
kształcenie#agh kształci na wszystkich rodzajach studiów: stacjonarnych                                                                                                                                                                                                                                                                                                                                                                                                                                                                                                                                                                                                                                                                                                                                                                                                                                                                                                                                                                                                                                                                                                            ,niestacjonarnych                                                                                                                                                                                                                                                                                                                                                                                                                                                                                                               ,doktoranckich i podyplomowych                                                                                                                                                                                                                                                           ,oferując szeroki profil kształcenia dostosowany do pojawiających się trendów na rynku pracy. od roku akademickiego 2007/2008 akademia górniczo-hutnicza wprowadziła trzystopniowy system kształcenia (tak zwany system boloński). w związku z reformą szkolnictwa wyższego                                                                                       ,zainicjowaną wejściem w życie ustawy z dnia 20 lipca 2018 roku „prawo o szkolnictwie wyższym i nauce”                                                                                                                                                              ,agh intensywnie pracuje nad dostosowaniem dotychczasowych przepisów dotyczących rekrutacji na studia wyższe do nowego prawa. rekrutacja zimowa na studia drugiego stopnia odbędzie się według dotychczasowych zasad określonych w uchwałach senatu i zarządzeniach rektora.
kształcenie#oferta#kształcenia#studia#podyplomowe#kursy#dokształcające#i#szkolenia#w agh oferowanych jest około 100 kierunków studiów podyplomowych                                                                                                                                                                                                                                                                                                                                                                                                                                                                                                                                                                                                                                                                                                                                                                                                                                                                                                                                                                                                                                ,a także kilkadziesiąt szkoleń i kursów dokształcających skierowanych zarówno do specjalistów kadry inżynierskiej                                                                                                                                                                                                                                                                                                                                                                                                               ,jak również do osób                                                                                                                                                                                                                                                                     ,które są zainteresowane zdobyciem nowej innej specjalizacji.  nowy i niezwykle interesujący element oferty kształcenia stanowią studia podyplomowe z dziedziny kreowania wizerunku firm                                                                                                                                                                          ,kreowania wizerunku osób                                                                                                                                                                                                                                           ,zarządzania talentami                                                                                                                                                                                                                                                      ,projektowania produktu                                                                                                                                       ,a także z dziedziny komunikacji społecznej i social mediów. Kształcimy kadrę inżynierską - studia z dziedziny ceramiki                ,elektrotechniki                                                                                                                                                                      ,energetyki                                            ,gazownictwa                            ,geofizyki                   ,górnictwa,informatyki,telekomunikacji,metalurgii,robotyki,telekomunikacji oraz inżynierii finansowej. Kształcenie w zakresie poza inżynierskim to między innymi studia w dziedzinie marketingu internetowego,informatyki i grafiki komputerowej,ochrony środowiska,rachunkowości i controllingu,bhp,szacowania i zarządzania nieruchomościami,zarządzania projektami,przedsiębiorstwem,organizacją it,zarządzania jakością oraz zarządzania sprzedażą.
kształcenie#oferta#kształcenia#e#materiały#w swojej ofercie agh posiada e-materiały: e-materiały agh są dostępne bezpłatnie                                                                                                                                                                                                                                                                                                                                                                                                                                                                                                                                                                                                                                                                                                                                                                                                                                                                                                                                                                                                                                                        ,na licencjach creative commons                                                                                                                                                                                                                                                                                                                                                                                                                                                                                                 ,dzięki czemu ich wykorzystanie nie ogranicza się jedynie do czytania                                                                                                                                                                                                                    ,pobierania czy drukowania. każdy może dowolnie modyfikować zasoby e-materiałów                                                                                                                                                                                                                                                                                   ,układać nowe e-podręczniki czy adaptować ich zawartość                                                                                                                                                                                                             ,dostosowując tym samym do własnych celów i potrzeb kształcenia. dla pracowników i doktorantów agh                                                                                                                                                                          ,centrum e-learningu oferuje szkolenia na temat budowania i pisania e-podręczników oraz korzystania z otwartych zasobów edukacyjnych w dydaktyce akademickiej.
dla#mediów#zapraszamy do zapoznania się z najnowszymi informacjami prasowymi na temat wydarzeń i projektów naukowych realizowanych w agh. zapraszamy do obserwowania naszych kanałów w mediach społecznościowych. biuro prasowe agh: rzecznik prasowy agh 48 12 617 25 45
uczelnią#kontakt#adres agh: Akademia Górniczo-Hutnicza imienia Stanisława Staszica w Krakowie aleja Mickiewicza 30                                                                                                                                                                                                                                                                                                                                                                                                                                                                                                                                                                                                                                                                                                                                                                                                                                                                                                                                                                                                                                                                 ,30-059 Kraków. informacja o numerach telefonów: 48 12 617 22 22 oraz 48 12 617 33 33. Telefon dla kandydatów: 48 12 617 36 84. Telefon centrum rekrutacji: 48 12 617 36 84. Telefon studia stacjonarne: 48 12 617 32 61. Telefon studia niestacjonarne: 48 12 617 48 95. Telefon studia podyplomowe: 48 12 617 32 81. Telefon studia doktoranckie: 48 12 617 31 57 oraz 48 12 617 24 49. Telefon dział informacji i promocji: 48 12 617 31 91. Telefon redakcja strony internetowej: magister Weronika Szewczyk 48 12 617 49 38,magister inżynier Maciej Tomczyk 48 12 617 48 97 oraz magister Katarzyna Wrzoszczyk 48 12 617 35 41. Telefon rzecznik prasowy AGH magister Anna Żmuda-Muszyńska 48 12 617 25 45 oraz 48 605 109 858. Telefon inspektor ochrony danych osobowych magister Tomasz Józefko 48 12 617 53 25.
współpraca#w agh od roku 2011 działa centrum międzynarodowej promocji technologii i edukacji agh-unesco                                                                                                                                                                                                                                                                                                                                                                                                                                                                                                                                                                                                                                                                                                                                                                                                                                                                                                                                                                                                                                                                            ,które jest pierwszą w polsce jednostką pod auspicjami unesco                                                                                                                                                                                                                                                                                                                                                                                                                                                                   ,inspirującą i koordynującą oraz wspierającą wymianę i transfer wiedzy i praktyki inżynierskiej oraz kształcenie na poziomie uniwersyteckim w dziedzinie nauk technicznych w wymiarze międzynarodowym                                                                                    ,zwłaszcza adresowanym do krajów rozwijających się. działania centrum agh-unesco wpisują się w priorytety unesco oraz agh i są adresowane do partnerów na całym świecie.
biuletyn#informacji#publicznej#biuletyn informacji publicznej to urzędowy publikator teleinformatyczny                                                                                                                                                                                                                                                                                                                                                                                                                                                                                                                                                                                                                                                                                                                                                                                                                                                                                                                                                                                                                                                                             ,składający się z ujednoliconego systemu stron w sieci informatycznej. biuletyn informacji publicznej został stworzony w celu powszechnego udostępniania informacji publicznej.
uczelnią#historia#i#tradycja#historia#agh#31 maja 1913 roku cesarz franciszek józef i zatwierdził utworzenie wyższej szkoły górniczej w krakowie. utworzenie wyższej szkoły górniczej w krakowie poprzedził długi ciąg starań o powołanie akademii                                                                                                                                                                                                                                                                                                                                                                                                                                                                                                                                                                                                                                                                                                                                                                                                                                                                                                                                 ,która miałaby kształcić inżynierów górników i hutników. w 1912 roku grupa wybitnych inżynierów i działaczy górniczych pod przewodnictwem jana zarańskiego wszczęła zabiegi o zgodę na powołanie w krakowie wyższej uczelni kształcącej inżynierów górnictwa. w 1913 roku ministerstwo robót publicznych w wiedniu powołało komitet organizacyjny akademii górniczej                                                                                                                                                            ,którego przewodniczącym został profesor józef morozewicz. 15 czerwca 1923 roku położono kamień węgielny pod budowę przyszłego gmachu akademii górniczej. w 1925 roku powstał projekt godła akademii górniczej (zachowany w muzeum historii agh) sygnowany monogramem b t – bogdan treter,prawdopodobnie zatwierdzony przez zebranie ogólne profesorów. 14 grudnia 1981 roku społeczność akademicka agh pod sztandarem „solidarności” odważyła się zaprotestować przeciwko stłumieniu – wprowadzeniem stanu wojennego – wywalczonego poczucia wolności i solidarności. niezależny samorządowy związek zawodowy „solidarność” agh był organizacją uczelnianą,jedyną w krakowie i jedną z trzech w kraju                                                                                                                                                                                                                         ,które zorganizowały strajki okupacyjne w pierwszych dniach stanu wojennego.
uczelnią#historia#i#tradycja#historia#agh#1#inauguracja#roku#akademickiego#akademii#górniczej#starania o utworzenie w kraju uczelni górniczej oraz powołanie odpowiedniej kadry naukowej rozpoczęły się w drugiej połowie dziewiętnastego wieku i nasiliły wraz z uzyskaniem przez galicję autonomii. w 1912 roku grupa wybitnych inżynierów i działaczy górniczych pod przewodnictwem inżyniera jana zarańskiego wszczęła zabiegi o zgodę na powołanie w krakowie wyższej uczelni kształcącej inżynierów górnictwa. starania o powołanie w krakowie wyższej uczelni kształcącej inżynierów górnictwa zostały zwieńczone powodzeniem – 10 lipca 1912 roku władze krakowa otrzymały zezwolenie na otwarcie uczelni. w notatce z konferencji u prezydenta miasta krakowa juliusza lea widnieje dopisek w prawym dolnym rogu kartki na jednym z dokumentów: w kwietniu 1919 roku minister jan łukasiewicz wystosował pisma do naczelnika państwa w sprawie mianowania pierwszych profesorów akademii górniczej. sześciu profesorów zostało oficjalnie mianowanych przez józefa piłsudskiego 1 maja 1919 roku. 20 czerwca 1919 roku komitet organizacyjny akademii górniczej w krakowie,upoważniony przez ministerstwo wyznań religijnych i oświecenia publicznego                                                                                                                                                                                                                                                                                                                                                                                                                                                     ,rozpisał konkurs na obsadzenie od 1 kwietnia 1920 roku stanowisk naukowych w katedrach na wydziale górniczym                                                                                                                                                                            ,a częściowo na wydziale hutniczym akademii. na pierwszym posiedzeniu wydziału profesorów akademii górniczej na dziekana wydziału górniczego wybrany został profesor antoni hoborski                                                                                                                                                                              ,a prodziekanem został profesor jan stock. 20 października 1919 roku odbyła się inauguracja pierwszego roku akademickiego w auli collegium novum uniwersytetu jagiellońskiego - józefa piłsudskiego powitała młodzież                                               ,ustawiona w szpalerze przed udekorowanym kwiatami gmachem. na winiecie pergaminowej karty z autografem piłsudskiego widnieje sygnowana i datowana na 20 października 1919 roku grafika henryka uziembły                                                                    ,wówczas porucznika wojska polskiego                                                                                                                          ,przedstawiająca grupę żołnierzy legionowych z piechoty i kawalerii w obramowaniu zdobionym herbami: orła legionowego z koroną (u góry),uniwersytetu jagiellońskiego i krakowa (po bokach) oraz herbem piłsudskich – kościesza (na dole). akademia pielęgnuje swoje tradycje i wychowuje studentów na ludzi mądrych i prawych,w duchu odpowiedzialności zawodowej i obywatelskiej   ,zgodnie ze swoją dewizą: „Labore creata,labori et scientiae servio”.
uczelnią#historia#i#tradycja#symbole#uczelni#godło#godło akademii górniczo-hutniczej stanowi stylizowany orzeł z koroną i tarczą                                                                                                                                                                                                                                                                                                                                                                                                                                                                                                                                                                                                                                                                                                                                                                                                                                                                                                                                                                                                                                                   ,na której umieszczone są perlik i żelazo (godło górnicze) oraz inicjały agh. obecna wersja godła agh została zaprojektowana na podstawie rysunku wykonanego w 1925 roku przez docenta krakowskiej asp bogdana tretera oraz graficznej aplikacji rysunku zachowanej na dyplomie przyznanym ignacemu mościckiemu w 1934 roku. godło agh przeznaczone jest wyłącznie do promowania historii oraz dziedzictwa naukowego uczelni i zostało zastrzeżone dla dokumentów rektora akademii górniczo-hutniczej.
uczelnią#historia#i#tradycja#symbole#uczelni#znak#graficzny#znak graficzny akademii górniczo-hutniczej zbudowany jest z sygnetu oraz logotypu. znak graficzny agh jest jedynym znakiem służącym codziennej identyfikacji wizualnej akademii górniczo-hutniczej.
uczelnią#historia#i#tradycja#symbole#uczelni#barwy#barwami akademii górniczo-hutniczej są zieleń                                                                                                                                                                                                                                                                                                                                                                                                                                                                                                                                                                                                                                                                                                                                                                                                                                                                                                                                                                                                                                                                                   ,czerń oraz czerwień. symbolika barw agh nawiązuje do tradycyjnej kolorystyki związanej z górnictwem i hutnictwem. symbolika barw agh jest nastęująca: zieleń odzwierciedla naturę                                                                                                                                                                                                                                                                                                                                              ,pola i lasy; czerń nawiązuje do głębi kopalń oraz symbolizuje cechy niezbędne w zawodzie górniczym i hutniczym                                                                                                                                                                          ,takie jak rozwaga                                                                                                                                                                                                                                                                                                                                                ,mądrość i stałość; czerwień to barwa ognia i roztopionego żelaza.
uczelnią#historia#i#tradycja#insygnia#władzy#agh#insygnia władzy agh to: łańcuch                                                                                                                                                                                                                                                                                                                                                                                                                                                                                                                                                                                                                                                                                                                                                                                                                                                                                                                                                                                                                                                                                                   ,berło i topór ceremonialny oraz pierścień.
uczelnią#historia#i#tradycja#doktorzy#honoris#causa#doctor honoris causa (z łaciny dla zaszczytu) to honorowy tytuł naukowy nadawany przez uczelnie osobom szczególnie zasłużonym dla nauki i kultury. Tytuł doctor honoris causa nadawany jest zazwyczaj osobom o wysokim statusie społecznym i naukowym.
uczelnią#historia#i#tradycja#zasłużeni#dla#agh#tytuł zasłużony dla agh przyznaje senat akademii podejmując uchwałę raz w roku na czerwcowym posiedzeniu. wręczenie insygniów związanych z tytułem "zasłużony dla agh" odbywa się w czasie inauguracji roku akademickiego.
uczelnią#historia#i#tradycja#konsulowie#honorowi#agh#tytuł honorowego konsula agh nadawany jest osobom związanym z uczelnią, których działalność przyczyniła się do jej rozwoju i promocji zgodnie z artykułem, tytułu tego nie mogą uzyskać aktualni pracownicy agh.
uczelnią#historia#i#tradycja#profesorowie#honorowi#agh#tytuł profesora honorowego agh nadaje się wybitnym uczonym, twórcom techniki oraz innym osobom, które są czynnymi lub emerytowanymi pracownikami uczelni; kandydat do tytułu musi posiadać stopień naukowy doktora.
uczelnią#władze#rada#uczelni#w skład rady uczelni wchodzi sześć osób powołanych przez senat agh, w tym trzy osoby spoza wspólnoty uczelni. Członkami pierwszej rady uczelni są: profesor doktor habilitowany inżynier Janusz Filipiak, magister inżynier Bogusław Ochab, doktor inżynier Krzysztof Pawiński, profesor doktor habilitowany inżynier Zbigniew Kąkol, profesor doktor habilitowany inżynier Kazimierz Wiatr oraz profesor doktor habilitowany inżynier Magdalena Hasik. Do zadań Rady Uczelni należy między innymi: opiniowanie projektu strategii uczelni, opiniowanie projektu statutu, monitorowanie gospodarki finansowej uczelni, monitorowanie zarządzania uczelnią. Kadencja pierwszej rady uczelni potrwa do 31 grudnia 2020 roku
uczelnią#władze#senat#senat jest najważniejszym ciałem kolegialnym uczelni. Senat rozpatruje każdą sprawę, którą uzna za istotną dla Uczelni. Do kompetencji Senatu należy między innymi: uchwalanie Statutu Uczelni, uchwalanie Regulaminu Studiów, Regulaminu Studiów Doktoranckich oraz Regulaminu Studiów Podyplomowych. W skład Senatu wchodzą: Rektor jako jego przewodniczący, prorektorzy, dziekani wydziałów, przedstawiciele poszczególnych grup społeczności akademickiej wybrani zgodnie z ordynacją wyborczą.
uczelnią#struktura#struktura akademii górniczo-hutniczej obejmuje następujące jednostki organizacyjne: wydziały i inne podstawowe jednostki organizacyjne, jednostki pozawydziałowe, administracja centralna i inne jednostki związane z działalnością uczelni, szkoły doktorskie.
uczelnią#struktura#administracją#centralna#piony administracji centralnej to: Pion Rektora, Pion Kształcenia, Pion Nauki, Pion Współpracy, Pion Ogólny, Pion Spraw Studenckich, Pion Kanclerza, Pion Kwestury.
uczelnią#struktura#administracją#centralna#pion#rektora#pion rektora tworzą stanowiska i jednostki merytorycznie podległe rektorowi, a organizacyjnie podległe dyrektorowi biura rektora. biuro rektora zapewnia administracyjną i merytoryczną obsługę urzędu i działalności rektora oraz senatu.
uczelnią#struktura#administracją#centralna#pion#kształcenia#pion kształcenia zapewnia administracyjną realizację uprawnień i obowiązków prorektora do spraw kształcenia. prorektorowi do spraw kształcenia podlega Uczelniana Komisja Rekrutacyjna oraz Uczelniany Zespół do spraw Jakości Kształcenia.
uczelnią#struktura#administracją#centralna#pion#nauki#pion nauki zapewnia administracyjną realizację uprawnień i obowiązków prorektora do spraw nauki, który kieruje pionem. pion nauki zapewnia administracyjną, formalno-prawną, techniczną i informacyjną obsługę sfery badań naukowych w uczelni i jej promocji w tym zakresie.
uczelnią#struktura#administracją#centralna#pion#współpracy#pion współpracy zapewnia administracyjną realizację uprawnień i obowiązków prorektora do spraw współpracy, który kieruje pionem.
uczelnią#struktura#administracją#centralna#pion#spraw#studenckich#pion spraw studenckich zapewnia administracyjną realizację uprawnień i obowiązków prorektora do spraw studenckich, który kieruje pionem.
uczelnią#struktura#administracją#centralna#pion#ogólny#pion ogólny zapewnia administracyjną realizację uprawnień i obowiązków prorektora do spraw ogólnych, który kieruje pionem.
uczelnią#struktura#administracją#centralna#pion#kanclerza#pion kanclerza obejmuje gospodarcze, techniczne, organizacyjne, prawne i administracyjne funkcjonowanie uczelni w zakresie zwykłego zarządu. pionem kanclerza kieruje kanclerz uczelni.
uczelnią#struktura#administracją#centralna#pion#kwestury#Kwestor AGH - magister Maria Ślizień.
uczelnią#konwent#konwent agh jest wyjątkowym w skali kraju ciałem kolegialnym działającym przy wyższej uczelni. skupiając w swych szeregach ścisłe władze województw oraz menedżerów wiodących przedsiębiorstw, konwent agh stanowi cenny organ doradczy uczelni. odbywające się dwa razy w roku obrady konwentu agh są platformą wymiany doświadczeń na styku szkolnictwa wyższego z przemysłem oraz samorządami.
uczelnią#rada#seniorów#statut#rady#seniorów#Rada seniorów agh jest kontynuatorką konwentu seniorów agh, powołanego 18 lutego 1985 roku przez ówczesnego rektora agh profesora antoniego kleczkowskiego. Liczba członków rady seniorów nie może przekroczyć 30 osób; kadencja w radzie jest dożywotnia, ustanie członkostwa w radzie może nastąpić jedynie na podstawie decyzji osoby rezygnującego z członkostwa.
uczelnią#rada#seniorów#skład#rady#seniorów#profesor Jerzy Niewodniczański – przewodniczący rady seniorów. profesor Kazimierz Jeleń – wiceprzewodniczący rady seniorów. profesor Józef Dańko – sekretarz rady seniorów. Członkowie rady seniorów: profesor Bronisław Barchański, profesor Wojciech Batko, profesor Stanisław Białas, profesor Aleksander Długosz, profesor Zbigniew Fajklewicz, profesor Aleksander Garlicki, profesor Józef Giergiel, profesor Andrzej Gołaś, profesor Henryk Górecki, profesor Mirosław Handke, profesor Wojciech Kapturkiewicz, profesor Danuta Kisielewska, profesor Andrzej Korbel, profesor Zygmunt Kolenda, profesor Stanisław Kreczmer, profesor Barbara Kwiecińska, profesor Jan Lech Lewandowski, profesor Andrzej Łędzki, profesor Janusz Łuksza, profesor Lidia Maksymowicz, profesor Andrzej Manecki, profesor Stanisław Mitkowski, profesor Janusz Roszkowski, profesor Jerzy Sędzimir, profesor Zbigniew Sitek, profesor Andrzej Skorupa, profesor Józef Zasadziński. pełny skład rady seniorów jest następujący: profesor Jerzy Niewodniczański – przewodniczący rady seniorów; profesor Kazimierz Jeleń – wiceprzewodniczący rady seniorów; profesor Józef Dańko – sekretarz rady seniorów; pozostali członkowie rady seniorów to: profesor Bronisław Barchański, profesor Wojciech Batko, profesor Stanisław Białas, profesor Aleksander Długosz, profesor Zbigniew Fajklewicz, profesor Aleksander Garlicki, profesor Józef Giergiel, profesor Andrzej Gołaś, profesor Henryk Górecki, profesor Mirosław Handke, profesor Wojciech Kapturkiewicz, profesor Danuta Kisielewska, profesor Andrzej Korbel, profesor Zygmunt Kolenda, profesor Stanisław Kreczmer, profesor Barbara Kwiecińska, profesor Jan Lech Lewandowski, profesor Andrzej Łędzki, profesor Janusz Łuksza, profesor Lidia J. Maksymowicz, profesor Andrzej Manecki, profesor Stanisław Mitkowski, profesor Janusz Roszkowski, profesor Jerzy Sędzimir, profesor Zbigniew Sitek, profesor Andrzej Skorupa, profesor Józef Zasadziński.
uczelnią#rada#seniorów#posiedzenia#rady#seniorów#posiedzenia rady seniorów prowadził przewodniczący rady jerzy niewodniczański, lub – pod jego nieobecność – wiceprzewodniczący kazimierz jeleń. stałymi pozycjami programów posiedzeń rady seniorów były wystąpienia rektora lub prorektora agh obecnego na posiedzeniu oraz sprawy bieżące (w tym sprawozdanie z ostatniego posiedzenia senatu agh).
uczelnią#system#identyfikacji#wizualnej#system identyfikacji wizualnej agh to zespół reguł oraz konsekwentnie zaprojektowanych wzorców, które mają utrwalać pożądane opinie na temat uczelni wśród pracowników, studentów i szeroko rozumianych odbiorców zewnętrznych. sposób, w jaki uczelnia jest postrzegana na zewnątrz oraz przez własnych pracowników i studentów bezpośrednio oddziałuje zarówno na jej pozycję na rynku edukacyjnym, jak też na szeroko pojętą świadomość społeczną. tworzenie spójnego wizerunku nie tylko pomaga wyróżnić się na tle konkurencji, ale też przekonać potencjalnych współpracowników i studentów do związania się z uczelnią.
uczelnią#system#identyfikacji#wizualnej#księga#identyfikacji#wizualnej#księga identyfikacji wizualnej to uproszczone kompendium wiedzy na temat systemu wizualnego akademii górniczo-hutniczej. księga indentyfikacji wizualnej zawiera opis podstawowych elementów identyfikacji, porządkuje elementy wizualne w celu prawidłowego kreowania wizerunku uczelni oraz wyznacza zasady w zakresie wykorzystania elementów identyfikujących uczelnię w promocji.
uczelnią#system#identyfikacji#wizualnej#znak#graficzny#agh#wersje#barwne#znaku#znak graficzny agh posiada trzy wersje podstawowe: wersję wielobarwną oraz dwie wersje jednobarwne - pozytywową i negatywową.
uczelnią#system#identyfikacji#wizualnej#znak#graficzny#agh#znak#z#nazwą#uczelni#symetryczny#w znaku graficznym agh pełna nazwa uczelni umieszczona jest pod znakiem agh i wyśrodkowana względem pionowej osi sygnetu.
uczelnią#system#identyfikacji#wizualnej#druki#firmowe#wizytówki#informacja odnośnie zamawiania wizytówek dla pracowników agh znajduje się w  komunikacie biura kanclerza numer 29/2009.
uczelnią#infrastruktura#akademia górniczo-hutnicza od lat wiedzie prym w dziedzinie nowoczesnych technologii, gdyż naszym celem jest kreowanie przyszłościowych rozwiązań. dzięki wdrażanym innowacjom na przestrzeni kilkunastu ostatnich lat agh zmienia swoje oblicze. uczelnia dysponuje niezwykle bogatą infrastrukturą, nowoczesnym zapleczem dydaktycznym i naukowym, bazą mieszkaniową oraz doskonale wyposażonymi obiektami sportowymi. budynki należące do agh, których łączna powierzchnia użytkowa wynosi 350 tysięcy metrów kwadratowych, zlokalizowane są na terenie: Krakowa (98%), Łukęcina, Krynicy, Miękinii i Regulic. dzięki inwestycjom kadra naukowa agh zyskuje dodatkową przestrzeń oraz sprzęt badawczy, a studenci – możliwość zgłębiania wiedzy w nowoczesnych laboratoriach. agh posiada największy kampus w polsce - 8000 miejsc, 20 domów studenckich (akademików), 38 hektarów powierzchni. stale unowocześniana baza naukowo-dydaktyczna umożliwia efektywne kształcenie studentów oraz prowadzenie badań na najwyższym, światowym poziomie. nowoczesne i funkcjonalne obiekty umożliwiają społeczności akademickiej realizację sportowych pasji. agh prowadzi kształcenie w laboratoriach w miękini oraz w regulicach.
uczelnią#infrastruktura#inwestycje#ostatnie inwestycje agh to między innymi: rozbudowa budynku S-1, nowy budynek dla Wydziału Informatyki, Elektroniki i Telekomunikacji, Akademickie Centrum Kultury Klub STUDIO, Centrum Energetyki – największa inwestycja w historii uczelni, Akademickie Centrum Materiałów i Nanotechnologii AGH, Hala maszyn ACK CYFRONET AGH, Centrum Informatyki, Centrum Ceramiki, budynek Wydziału Energetyki i Paliw, Basen AGH, Centrum Dydaktyki, Laboratorium Edukacyjno-Badawcze Odnawialnych Źródeł i Poszanowania Energii w Miękini, Biblioteka Główna AGH.
uczelnią#infrastruktura#kampus#akademicki#o wyjątkowości naszego kampusu w skali kraju świadczy przede wszystkim fakt, iż wszystkie obiekty, w których prowadzone są zajęcia dydaktyczne, badania naukowe, jak również: administracja uczelni, organizacje studenckie, baza sportowo-rekreacyjna oraz baza mieszkaniowa skupione są w jednej dzielnicy krakowa, tworząc integralną całość. kampus akademicki o powierzchni 38 hektarów położony jest w obrębie ulic: aleje mickiewicza, reymonta, buszka, tokarskiego, armii krajowej, gramatyka, nawojki oraz czarnowiejskiej. niewątpliwym atutem kampusu akademickiego jest doskonała lokalizacja (kilkanaście minut spacerem do rynku głównego), jak również dostęp do szerokiej sieci połączeń autobusowych i tramwajowych. w skład kampusu akademickiego wchodzą: Pawilony dydaktyczno-naukowe, Biblioteka Główna, Stołówki studenckie, Przychodnia zdrowia, Domy studenckie, Hale sportowe, Kluby studenckie, Obiekty handlowo-usługowe, Obiekty pomocnicze. kampus agh odznacza się wyjątkowo estetyczną aranżacją przestrzeni. na terenie kampusu znajdują się liczne stojaki rowerowe, jak również zadaszone parkingi rowerowe.
uczelnią#infrastruktura#kampus#akademicki#miasteczko#studenckie#agh#największe miasteczko studenckie w polsce, o powierzchni 13 hektarów, zlokalizowane jest w obrębie kampusu akademickiego agh pomiędzy ulicami: reymonta, buszka, tokarskiego, armii krajowej, nawojki i miechowską. miasteczko oferuje studentom agh oraz innych szkół wyższych krakowa blisko 8000 miejsc. na terenie miasteczka studenckiego oprócz 20 domów studenckich znajdują się między innymi: kluby studenckie, boiska sportowe, przedszkole, żłobek, korty tenisowe, supermarket, basen agh, bank oraz różne punkty handlowe, gastronomiczne i usługowe. miasteczko studenckie agh oferuje gościom nocleg w komfortowych hostelach. w trakcie roku akademickiego działalność hostelową prowadzi dom studencki olimp (dysponujący miejscami w pokojach o układzie studyjnym z indywidualną łazienką oraz aneksem kuchennym). w lipcu, sierpniu i wrześniu ms agh oferuje turystom odwiedzającym kraków ponad 4000 miejsc noclegowych w hostelach studenckich. w akademikach agh wszystkie pokoje oddane do dyspozycji studentów posiadają bezpłatny dostęp do internetu. w domach studenckich znajdują się specjalne miejsca do nauki, sale telewizyjne oraz sale klubowe. standard pokoi domów studenckich jest stale podnoszony dzięki regularnie prowadzonym pracom remontowym. w obrębie miasteczka znajduje się jeden z największych klubów koncertowych w polsce – klub studio. klub studio stanowi centrum wydarzeń kulturalnych. w klubie zaścianek cyklicznie koncertują młodzi twórcy, jak można się do niego wybrać na karaoke oraz na tak zwane „śpiewogranie”. w klubie gwarek organizowane są przede wszystkim koncerty bluesowe, jazzowe i folkowe. na terenie miasteczka studenckiego znajdują się boiska sportowe (w tym nowoczesne boiska ze sztuczną nawierzchnią do gry w piłkę nożną, piłkę siatkową i koszykówkę), korty tenisowe oraz nowoczesny kompleks sportowo-rekreacyjny – basen agh. atutem miasteczka studenckiego agh jest również bliskość krakowskich błoń oraz parku jordana pozwala biegaczom, rowerzystom i rolkarzom na aktywne spędzanie czasu w malowniczej, zielonej scenerii miasta.
uczelnią#infrastruktura#baza#naukowo#dydaktyczna#stale unowocześniana baza naukowo-dydaktyczna umożliwia efektywne kształcenie studentów oraz prowadzenie badań na najwyższym, światowym poziomie. zajęcia dydaktyczne odbywają się w: ponad 150 salach wykładowych, ponad 200 salach ćwiczeniowych, ponad 680 salach laboratoryjnych, ponad 40 salach konferencyjnych. sale wykładowe i konferencyjne wyposażone są między innymi w: projektory multimedialne, wizualizery, tablice i monitory interaktywne, ekrany projekcyjne, systemy wideokonferencji, mikrofony, profesjonalne nagłośnienie czy też system tłumaczeń symultanicznych.
uczelnią#infrastruktura#baza#sportowo#rekreacyjna#naszym celem jest stworzenie w obrębie kampusu akademickiego kompleksowego centrum sportu, które umożliwi realizację sportowych pasji pracownikom oraz studentom naszej uczelni. inwestycje w baze sportowo rekreacyjną to unowocześnienie studium wychowania fizycznego i sportu przy ulicy piastowskiej oraz wybudowanie basen, w którym znajdują się sauna, kręgielnia i siłownia. na terenie ms agh powstały: boisko piłkarskie ze sztuczną nawierzchnią, boiska do siatkówki oraz koszykówki. baza sportowo-rekreacyjna jest dostosowana do potrzeb osób niepełnosprawnych.
uczelnią#infrastruktura#baza#sportowo#rekreacyjna#basen#agh#basen agh to nowoczesny kompleks sportowo-rekreacyjny zlokalizowany w obrębie miasteczka studenckiego agh. wyposażenie basenu agh to: basen sportowy (25-metrowy, posiadający homologację pzp), basen szkoleniowy (25-metrowy) oraz basen rekreacyjny z hydromasażami, jak również: jacuzzi, zjeżdżalnia oraz sauny (sucha i mokra). pod okiem doświadczonych i wykwalifikowanych instruktorów basen agh oferuje: naukę i doskonalenie pływania dla niemowląt, dzieci, młodzieży i dorosłych, gimnastykę w wodzie dla kobiet w ciąży, aquaaerobik oraz ćwiczenia rehabilitacyjne w wodzie.
uczelnią#infrastruktura#baza#sportowo#rekreacyjna#boisko#nowoczesne boisko usytuowane jest w samym centrum studenckiego osiedla i ma wymiary 67x40 metrów, ale istnieje także możliwość podzielenia go na dwa mniejsze place do gry. boisko wyposażone jest w sztuczną nawierzchnię, która umożliwia grę praktycznie przez cały rok, jest również oświetlone i ogrodzone. mieszkańcy miasteczka studenckiego agh mogą korzystać z boiska codziennie w godzinach 7:30 - 22:30 dokonując rezerwacji poprzez system elektroniczny.
uczelnią#infrastruktura#baza#sportowo#rekreacyjna#baza#sportowa#swfis#agh#obligatoryjne zajęcia z wychowania fizycznego odbywają się w salach i obiektach otwartych prowadzonych przez studium wychowania fizycznego i sportu agh. baza sportowa swfis agh obejmuje: nowoczesne hale ze sztuczną nawierzchnią, nagłośnieniem, cyfrowymi tablicami wyników, dwie nowoczesne siłownie o profilu rekreacyjnym oraz siłowym, salę do aerobiku i ćwiczeń przy muzyce z nagłośnieniem, boisko piłkarskie, sale do gry w tenisa stołowego, stanowiska treningowe szermierki dla osób niepełnosprawnych, 3 wysokiej klasy jachty oraz kajaki, łaźnię parową. swfis agh w szerokim zakresie współpracuje z klubem uczelnianym akademickiego związku sportowego agh, a także samorządem studentów, działem socjalnym, fundacją studentów i absolwentów „academica” oraz zrzeszeniem studentów niepełnosprawnych agh. swfis agh realizuje alternatywne zajęcia rehabilitacyjne dla studentów z problemami zdrowotnymi oraz prowadzi szkolenia studentów w zakresie pomocy przedmedycznej.
uczelnią#infrastruktura#agh#poza#krakowem#akademia górniczo-hutnicza prowadzi również kształcenie w jednostkach, które znajdują się poza krakowem: w Centralnym Laboratorium Techniki Strzelniczej i Materiałów Wybuchowych w Regulicach oraz Laboratorium Edukacyjno-Badawczym Odnawialnych Źródeł Energii AGH w Miękini. Centralne Laboratorium Techniki Strzelniczej i Materiałów Wybuchowych znajduje się w Regulicach. Laboratorium Edukacyjno-Badawcze Odnawialnych Źródeł Energii AGH znajduje się w Miękini.
uczelnią#multimedia#promocja#w#mediach#agh#strona#internetowa#aby opublikować wiadomość na stronie internetowej agh, należy skontaktować się z pracownikami: telefon 48 12 617 49 38. w celu publikacji informacji na stronie internetowej agh należy nadesłać podstawowe informacje takie jak między innymi czas, miejsce, organizator, cel, grupa odbiorców, link do strony internetowej.
kształcenie#jakość#kształcenia#nasi absolwenci to ludzie posiadający wysokie kwalifikacje, które pozwalają im podejmować pracę zawodową w większości branż przemysłowych, ale także z powodzeniem pełnić funkcje w administracji centralnej czy biznesie na każdym szczeblu. studia w akademii górniczo-hutniczej pozwalają zdobyć wiedzę i umiejętności, dzięki którym wielu naszych absolwentów zakłada własne firmy i rozpoczyna działalność gospodarczą. w gronie wychowanków akademii znaleźć można prezesów wielkich, międzynarodowych koncernów, osoby sprawujące funkcje publiczne (ministrowie, wojewodowie, prezydenci miast), ale także znanych i cenionych na całym świecie artystów. wielu absolwentów agh realizuje się w pracy w wielkich korporacjach zarówno krajowych, jak i zagranicznych. absolwenci cenią sobie przede wszystkim wykształcenie zdobyte w akademii górniczo-hutniczej oraz praktyczny aspekt przekazywanej tutaj wiedzy. nauczyciele akademiccy posiadają bogate doświadczenie zdobyte w zakładach przemysłowych. studenci mają możliwość odbywania praktyk zawodowych oraz staży w wielu renomowanych firmach, co znacznie poprawia ich start w dorosłe, zawodowe życie. duża część studentów podejmuje pracę już w trakcie studiów. doskonała kadra naukowo-dydaktyczna, świetne wyposażenie, nowoczesne laboratoria i aparatura, szeroka współpraca z przemysłem i firmami nowoczesnych technologii oraz ciągła i nieustająca dbałość o jakość kształcenia sprawiają, że akademia górniczo-hutnicza imienia stanisława staszica w krakowie od stu lat pozostaje wiodącą polską uczelnią techniczną.
kształcenie#jakość#kształcenia#informacje#ogólne#o#jakości#kształcenia#w#agh#Podstawę oceny skuteczności Systemu Zapewnienia Jakości Kształcenia stanowią roczne raporty samooceny zatwierdzane na posiedzeniu Rad Wydziałów, a następnie przedkładane Prorektorowi do spraw Kształcenia i Pełnomocnikowi Rektora do spraw Jakości Kształcenia.
kształcenie#jakość#kształcenia#księga#jakości#agh#zgodnie z zarządzeniem rektora agh księga jakości jest to publicznie dostępne opracowanie zawierające: zbiór wszystkich dokumentów prawnych dotyczących procesu kształcenia w uczelni, zbiór procedur obowiązujących w trakcie realizacji procesu kształcenia, w skład którego wchodzą wyodrębnione zarządzenia rektora oraz zalecenia uczelnianego zespołu do spraw jakości kształcenia, katalog dobrych praktyk, będący zbiorem przykładów rozwiązań godnych naśladowania, informacje na temat systemu zapewnienia jakości kształcenia w agh przeznaczone dla interesariuszy zewnętrznych, w szczególności dla kandydatów na studia, pracodawców i mediów.
kształcenie#jakość#kształcenia#księga#jakości#agh#struktura#i#organizacja#uczelnianego#systemu#zapewnienia#jakości#kształcenia#uczelniany system zapewnienia jakości kształcenia w agh charakteryzuje się odpowiedniością struktur na poziomie uczelni i na poziomie wydziałów. osobą odpowiedzialną za jakość kształcenia w skali uczelni jest rektor, a na wydziale dziekan; część obowiązków związanych z jakością kształcenia przejmuje prorektor do spraw kształcenia, a na wydziałach dziekan odpowiedzialny za kształcenie. osobą, która w skali uczelni organizuje funkcjonowanie systemu zapewnienia jakości kształcenia, jest pełnomocnik rektora do spraw jakości kształcenia; analogiczną rolę na wydziałach pełnią pełnomocnicy dziekanów do spraw jakości kształcenia. wydziałowe zespoły audytu dydaktycznego dbają o właściwą realizację programów kształcenia na poszczególnych kierunkach studiów, mogą prowadzić ankiety i inne analizy przebiegu kształcenia na danym kierunku, mogą wnioskować do zespołu do spraw jakości kształcenia o zmiany i modyfikacje programu kształcenia. uczelniany zespół audytu dydaktycznego prowadzi kompleksową ocenę systemu jakości kształcenia na poszczególnych wydziałach; audyt polega na analizie dokumentów dotyczących kształcenia na wydziale oraz wizytacji wydziału. obowiązki rektora w zakresie jakości kształcenia określa Uchwała Senatu AGH numer 253/2012 z dnia 28 listopada 2012 roku.
kształcenie#jakość#kształcenia#krajowe#ramy#kwalifikacjipolska#rama#kwalifikacji#Krajowe Ramy Kwalifikacji (National Qualifications Framework) to opis wzajemnych relacji między kwalifikacjami, integrujący różne krajowe podsystemy kwalifikacji, służący większej przejrzystości, dostępności i jakości kwalifikacji, stworzony dla potrzeb rynku pracy i społeczeństwa obywatelskiego.
kształcenie#jakość#kształcenia#akredytacje#jakość kształcenia w akademii górniczo-hutniczej imienia stanisława staszica w krakowie podlega ocenom komisji akredytacyjnych: Polska Komisja Akredytacyjna, Komisja Akredytacyjna Uczelni Technicznych (KAUT), European Network for Accreditation of Engineering Education (ENAEE) oraz ABET (Accreditation Board for Engineering and Technology).
kształcenie#jakość#kształcenia#program#adapter#w ramach programu adapter proponowane są dwie niezależne od siebie formy pomocy i wsparcia: cykl warsztatów oraz indywidualne spotkania w Punkcie Konsultacyjnym, w trakcie których promowane są odpowiednie postawy studenckie i sposoby redukcji czynników ryzyka. Program adaptacyjny ADAPTER stał się już rozpoznawalnym elementem, o którym się mówi w środowisku studenckim AGH.
kształcenie#jakość#kształcenia#studium#doskonalenia#dydaktycznego#Celem Studium doskonalenia dydaktycznego powołanego na wydziale humanistycznym jest podnoszenie jakości prowadzonych zajęć dydaktycznych przez asystentów, lektorów, instruktorów zatrudnionych w AGH, a także doktorantów pierwszego roku studiów poprzez zobowiązanie do odbycia 75-godzinnego kursu kształcenia pedagogicznego.
kształcenie#jakość#kształcenia#minimum#kadrowe#Jednym z wielu, ale niezwykle ważnym wymogiem by prowadzić studia wyższe jest tak zwane minimum kadrowe, czyli minimalna liczba i kwalifikacje nauczycieli akademickich zatrudnionych w pełnym wymiarze czasu.
badania#naukowe#kierunki#badawcze#w lipcu 2012 roku konsorcjum kierowane przez wydział fizyki i informatyki stosowanej agh jako pierwsze w kraju otrzymało status krajowego naukowego ośrodka wiodącego (know) w dziedzinie nauk fizycznych. know (krajowy naukowy ośrodek wiodący) to pierwszy w polsce program wspierania najlepszych jednostek naukowych. status know gwarantuje specjalne dofinansowanie w latach 2012-2017 przeznaczone na wzmocnienie potencjału naukowego i badawczego, rozwój kadry naukowej, kreowanie atrakcyjnych warunków pracy badawczej, budowanie silnej i rozpoznawalnej marki, a także na wyższe wynagrodzenia naukowców czy zatrudnienie w polsce zagranicznych uczonych.
badania#naukowe#laboratoria#i#aparatura#miejsce publikacji wyników badań jest stosowanym w uczelni miernikiem poziomu zaawansowania pracowni. wyniki badań dokonanych w laboratoriach agh publikowane są w najlepszych czasopismach o zasięgu światowym. oprócz laboratoriów badawczych w agh funkcjonują także laboratoria technologiczno-naukowe o charakterze usługowym. uczelnia dysponuje ponad 700 laboratoriami. w drodze do naukowego sukcesu niezbędnym narzędziem jest nowoczesna aparatura, stanowiąca kluczowe wsparcie dla prowadzonych badań. przykładami używania w badaniach naukowych nowoczesnej aparatury mogą być najpotężniejsze w tej części europy mikroskopy do badania struktury metali, czy tak zwana sztywna maszyna wytrzymałościowa, pozwalająca precyzyjnie badać krytyczne dla bezpiecznego górnictwa procesy pękania i kruszenia skał, mikroskopy elektronowe, aparatury do kompleksowych badań ciał stałych, a w szczególności ich powierzchni, spektrometry masowe, liczne urządzenia do badań środowiskowych i tym podobne. najbardziej unikatowa w skali światowej aparatura stosowana w agh to: jeden z kilku najpotężniejszych na świecie – analityczny transmisyjny mikroskop elektronowy (s)tem fei titancubed g-2 60-300, a także rentgenowski fluorescencyjny mikroskop konfokalny. w agh znajduje się kopalnia doświadczalna – unikatowe laboratorium badawczo-dydaktyczne. w agh znajduje się komora bezechowa, będąca jednym z najcichszych miejsc w polsce. wykaz aparatury znajduje się w sieciowym katalogu aparatury naukowo-badawczej i stanowisk badawczych; zawiera on podstawowe informacje o sprzęcie, którym dysponują poszczególne jednostki uczelni.
badania#naukowe#publikacje#aktywność naukowa pracowników agh znajduje odzwierciedlenie między innymi w publikowanych rocznie ponad 1600 artykułach w czasopismach naukowych krajowych i zagranicznych oraz około 2000 referatów na konferencjach, z tego około 600 publikowanych w czasopismach o zasięgu międzynarodowym.
badania#naukowe#wdrozenia#patenty#licencje#potencjał innowacyjny agh wyraża się w wymiarze własności intelektualnej, która obejmuje patenty, znaki towarowe, wzory użytkowe oraz projekty wynalazcze. w celu stworzenia mechanizmów ułatwiających i intensyfikujących transfer innowacyjnych technologii i wiedzy z agh do przedsiębiorców i innych instytucji zewnętrznych powołano centrum transferu technologii agh.
badania#naukowe#koła#naukowe#studenckie koła naukowe stwarzają możliwość poszerzania wiedzy i umiejętności pod kierunkiem najlepszych naukowców. obecnie w agh działa łącznie blisko 120 studenckich kół naukowych. do najczęściej stosowanych form działalności kół naukowych można zaliczyć: cykliczne spotkania szkoleniowe; uczestnictwo w badaniach teoretycznych i doświadczalnych prowadzonych przez katedry i zakłady; organizację konferencji, seminariów i obozów naukowych; udział w konferencjach krajowych i międzynarodowych, w studenckiej wymianie międzynarodowej; wyjazdy badawczo-szkoleniowe, naukowo-turystyczne i rekreacyjne.
współpraca#wpółpraca#międzynarodowa#uczelnia realizuje ponad 100 projektów prowadzonych wspólnie z partnerami zagranicznymi między innymi w ramach następujących programów: programy ramowe ue w tym horyzont 2020, kic innoenergy, kic rawmaterials, europejska agencja kosmiczna, fundusz wyszehradzki, fundusz węgla i stali, eureka, cost, era, programy współpracy bilateralnej, erasmus+, europejski fundusz społeczny po wer. akademia posiada ponad 250 umów generalnych z zagranicznymi uniwersytetami, politechnikami i instytutami badawczymi w europie, ameryce północnej i południowej oraz azji, dotyczących wielokierunkowych działań w zakresie kształcenia i badań naukowych, a także ponad 450 umów z uczelniami w ramach programu erasmus+. agh jest stroną 26 umów o podwójnym dyplomowaniu z prestiżowymi uczelniami niemiec, francji, japonii, ukrainy oraz finlandii, w ramach których studenci zdobywają wiedzę na dwóch uczelniach wyższych równolegle. akademia posiada umowy z zakładami przemysłowymi, w tym dużymi międzynarodowymi korporacjami, przedmiotem umów jest współpraca naukowa, badawcza i edukacyjna, a celem wszechstronne wykorzystanie wzajemnych możliwości partnerów.
współpraca#partnerzy#agh dysponuje szeroką ofertą obszarów współpracy z partnerami zewnętrznymi. Uczelnia od momentu powstania jest silnie związana z przemysłem, co skutkuje uczestnictwem przedstawicieli firm w życiu Akademii. W celu uczestnictwa przedstawicieli firm w życiu akademii powołano Radę Społeczną AGH oraz Konwent AGH. Zadaniem konwentu oraz rady społecznej agh jest między innymi kształtowanie modelu kształcenia pod kątem przyszłego pracodawcy oraz opiniowanie kierunków działalności naukowo-badawczej AGH. Dział Współpracy z Administracją i Gospodarką jest jednostką prowadzącą działania wspierające współpracę społeczności uczelnianej z przedsiębiorcami, instytucjami otoczenia  biznesu, jednostkami administracji państwowej i samorządowej, uczelniami oraz instytucjami badawczo-rozwojowymi. Współpraca z instytucjami naukowymi i edukacyjnymi za granicą koordynowana jest przez Dział Współpracy z Zagranicą.
współpraca#fundusze#strukturalne#Funduszami strukturalnymi w AGH zajmuje się Dział Obsługi Funduszy Strukturalnych COP AGH - w obszarze Europejskiego Funduszu Rozwoju Regionalnego (EFRR) oraz w obszarze Europejskiego Funduszu Społecznego (EFS). centrum obsługi projektów agh zajmuje się między innymi obsługą projektów naukowych, badawczych i edukacyjnych finansowanych ze źródeł zewnętrznych: krajowych, unijnych oraz międzynarodowych.
współpraca#programy#międzynarodowe#do zadań działu obsługi programów międzynarodowych (dopm) należy między innymi pozyskiwanie i rozpowszechnianie informacji na temat możliwości i procedur finansowania projektów z udziałem partnerów zagranicznych z programów międzynarodowych, obsługa formalno-prawna aplikowania i realizacji projektów międzynarodowych, prowadzenie doradztwa i konsultacji dla pracowników agh, tworzenie i bieżąca aktualizacja baz danych w zakresie pozyskiwania środków pozabudżetowych. programy ramowe, kic, inicjatywy wspólnotowe to niektóre z możliwości uzyskania środków finansowych potrzebnych na realizację projektów.
współpraca#transfer#technologii#w celu stworzenia mechanizmów ułatwiających i intensyfikujących transfer innowacyjnych technologii z agh do przedsiębiorców i innych instytucji zewnętrznych, w 2007 roku powołano centrum transferu technologii akademii górniczo-hutniczej w krakowie (ctt agh). Zadaniem centrum transferu technologii CTT AGH jest wsparcie procesów komercjalizacji i transferu innowacyjnych technologii i wiedzy. Centrum Transferu Technologii AGH działa w obszarach marketingu nauki w środowisku przedsiębiorców, ochrony własności intelektualnej oraz obsługi i finansowania transferu technologii. głównym, choć nie jedynym zadaniem spółki krakowskie centrum innowacyjnych technologii innoagh jest obejmowanie w miejsce uczelni udziałów w nowych firmach, powstających na bazie wyników prac badawczych oraz ogólnej wiedzy pochodzącej z jednostek naukowo-badawczych, w tak zwany spółkach spin-off. celem spółki krakowskie centrum innowacyjnych technologii innoagh jest doradztwo i wsparcie dla pracowników naukowych zainteresowanych zakładaniem innowacyjnych przedsiębiorstw tworzonych w oparciu o własność intelektualną powstającą na uczelni.
współpraca#członkostwo#agh#w#organizacjach#AGH jest członkiem ACRU (Association of the Carpathian Region Universities). AGH jest członkiem EUA (European University Association). AGH jest członkiem IAU (International Association of Universities). AGH jest członkiem SEFI ( Société Européenne pour la Formation des Ingénieurs). AGH jest członkiem AEUA (Arab and European Universities Association). AGH jest członkiem KMM-VIN AISBL (European Virtual Institute on Knowledge-based Multifunctional Material AISBL). AGH jest członkiem C-MAC NSU NPO (European Intigrated Centre for the Development of New Metallic Alloys and Compounds). AGH jest członkiem TIME (Top Industrial Managers for Europe). AGH jest członkiem Magalhaes Network. AGH jest członkiem KIC InnoEnergy (Knowledge Innovation Community). AGH jest członkiem CEEPUS (Central European Exchange Program for University Studies). AGH jest członkiem IROs Forum (International Relations Offices Forum). AGH jest członkiem NAFSA (Association of International Educators).
studenci#sprawy#dotyczące#kształcenia#system#punktowy#system punktowy stosowany w uczelni odpowiada standardowi ects (european credit transfer system).
studenci#rzecznik#praw#studenta#agh#na stanowisko rzecznika praw studenta została powołana doktor habilitowany inżynier manuela reben, profesor agh. zespół rzecznika praw studenta tworzą: doktor habilitowany inżynier Manuela Reben, profesor AGH – pracownik Wydziału Inżynierii Materiałowej i Ceramiki, Kierownik Katedry Technologii Szkła i Powłok Amorficznych; Marzena Stupkiewicz (asystentka rzecznika) – studentka czwartego roku z Wydziału Inżynierii Metali i Informatyki Przemysłowej; Mikołaj Gralczyk (asystent rzecznika) – student drugiego roku drugiego stopnia studiów na Wydziale Fizyki i Informatyki Stosowanej. rzecznik praw studenta został powołany przez rektora agh, a jego głównym zadaniem jest pomoc studentom w egzekwowaniu ich praw, w tym między innymi w sprawach dotyczących regulaminu studiów bądź stypendiów.
studenci#organizacja#roku#akademickiego#Semestr zimowy obecnego roku akademickiego potrwa od 1 października do 16 lutego. zajęcia semestru zimowego obecnego roku akademickiego potrwają od 1 października do 28 stycznia. wakacje zimowe (ferie świąteczne) w obecnym roku akademickim potrwają od 23 grudnia do 2 stycznia. zimowa sesja egzaminacyjna – część podstawowa w obecnym roku akademickim potrwa od 29 stycznia do 9 lutego. zimowa sesja egzaminacyjna – część poprawkowa w obecnym roku akademickim potrwa od 10 lutego do 16 lutego. przerwa międzysemestralna w obecnym roku akademickim potrwa od 17 lutego do 23 lutego. semestr letni w obecnym roku akademickim potrwa od 24 lutego do 30 września. zajęcia semestru letniego w obecnym roku akademickim potrwają od 24 lutego do 14 czerwca. wakacje wiosenne (ferie świąteczne) w obecnym roku akademickim potrwają od 9 kwietnia do 14 kwietnia. letnia sesja egzaminacyjna – część podstawowa w obecnym roku akademickim potrwa od 15 czerwca do 30 czerwca. wakacje letnie w obecnym roku akademickim potrwają od 1 lipca do 31 sierpnia. letnia sesja egzaminacyjna – część poprawkowa w obecnym roku akademickim potrwa od 1 września do 15 września. zajęcia odbywające się według planu innego dnia w obecnym roku akademickim w następujących terminach: 7 stycznia 2020 roku (wtorek) zajęcia odbywają się według harmonogramu zajęć ustalonych dla poniedziałku, 10 czerwca 2020 roku (środa) zajęcia odbywają się według harmonogramu zajęć ustalonego dla piątku. Dni ustawowo wolne od zajęć dydaktycznych: 1 listopada, 11 listopada, 1 stycznia, 6 stycznia, 1 maja, 3 maja, 11 czerwca. Dni dodatkowo wolne od zajęć dydaktycznych w obecnym roku akademickim to: 18 października, 31 października, 12 czerwca. Okres od 16 do 30 września 2020 roku przeznaczony jest na przeprowadzenie czynności związanych z zakończeniem roku akademickiego 2019/2020 i rozpoczęciem roku akademickiego 2020/2021.
studenci#sprawy#bytowe#system pomocy materialnej dla studentów w akademii górniczo-hutniczej obejmuje wiele form stypendiów oraz zapomóg, w tym także dofinansowanie do wyżywienia w stołówkach agh. informacja na temat stypendiów, zapomóg dostępna jest w dziekanatach oraz w Dziale Spraw Studenckich.
studenci#informacje#dla#osób#niepełnosprawnych#Nasza Uczelnia od 2000 roku realizuje program „AGH uczelnią przyjazną wobec osób niepełnosprawnych”, którego celem jest kompleksowe rozwiązywanie problemów, z którymi zmagają się studenci z różnymi niepełnosprawnościami. Działania AGH na rzecz osób niepełnosprawnych koordynuje Biuro do spraw Osób Niepełnosprawnych, które również wspiera inicjatywy Zrzeszenia Studentów Niepełnosprawnych - pierwszej tego typu organizacji w Polsce. W naszej społeczności akademickiej studiuje znacząca liczba (około 500) studentów o różnym stopniu i rodzaju niepełnosprawności. Z roku na rok oferta wsparcia studentów i doktorantów z niepełnosprawnościami ulega rozszerzeniu, a działania uczelni stają się coraz bardziej profesjonalne.
studenci#program#adapter#Program ADAPTER powstał w odpowiedzi na oczekiwania studentów z zakresu potrzeb w obszarach: zdrowotnym, społecznym, psychologicznym. Celem Programu adapter jest promocja zdrowych i aktywnych postaw w środowisku akademickim, a także udzielanie wsparcia psychologicznego osobom doświadczającym trudności w adaptacji do warunków życia studenckiego. W ramach Programu adapter prowadzone są warsztaty rozwijające umiejętności psychologiczne i interpersonalne oraz Punkt Konsultacyjny z dyżurem psychologa.
studenci#tradycje#studenckie#Juwenalia to najważniejsze wydarzenie roku akademickiego, kiedy uczelnią i miastem rządzą studenci: Barwny pochód na Rynek Główny, koncerty, kabaretony, imprezy sportowe to tylko część juwenaliowych atrakcji. Beanalia są to otrzęsiny studentów I roku; podczas tej imprezy nowo przyjęci studenci wstępują w pełni w szeregi braci studenckiej. Babski comber to stara krakowska tradycja Akademii Górniczo-Hutniczej, wiąże się ona z Barbórką, czyli świętem stanu górniczego; Podczas niego kobiety biesiadują na Babskim combrze, natomiast mężczyźni świętują w ramach Karczmy piwnej. Ważnym elementem tradycji są bale organizowane cyklicznie przez Wydziały, na przykład Bal Ceramika, Elektryka, Mechanika.
studenci#sport#i#rekreacja#w#agh#O swoją kondycję zadbać można, korzystając z następujących obiektów: basen, nowoczesne siłownie, łaźnia parowa, boisko piłkarskie, nowoczesna hala ze sztuczną nawierzchnią i wiele innych. Uczelniany Klub AZS AGH to największy w środowisku akademickim Krakowa i jeden z największych w Polsce klub sportowy mający aż 20 sekcji sportowych. Klub AZS AGH wspólnie ze Studium Wychowania Fizycznego i Sportu (SWFiS) organizuje między innymi szkoleniowe obozy narciarskie, żeglarskie, kajakowe, turystykę górską, Dzień Sportu AGH, Mistrzostwa AGH w narciarstwie alpejskim i snowboardzie, w tenisie stołowym, kolarstwie górskim i w pływaniu, a także turnieje z okazji Dnia Górnika i Dnia Hutnika. Najlepsi sportowcy Klubu AZS AGH biorą udział w rozgrywkach Małopolskiej Ligi Akademickiej, Akademickich Mistrzostwach Polski, Biegu Kościuszkowskim i innych zawodach, zajmując czołowe lokaty tak w środowisku krakowskim, jak i na arenie ogólnopolskiej.
studenci#legia#akademicka#„Legia Akademicka” to uruchomiony w 2017 roku przez MON pilotażowy program skierowany do studentów.
studenci#kulturą#studencka#Kultura studencka agh to między innymi organizacje: Chór i Orkiestra Smyczkowa „Con Fuoco” AGH; orkiestra reprezentacyjna agh; studencki klub taneczny agh; Zespół Pieśni i Tańca AGH „KRAKUS”.
studenci#kulturą#studencka#chór#orkiestra#smyczkowa#con#fuoco#„Con Fuoco” to uczelniany Chór i Orkiestra Smyczkowa Akademii Górniczo-Hutniczej. Zespół Con Fuoco został założony w 2009 roku. Zespół con fuoco tworzy ponad 50 studentów i absolwentów uczelni. Dyrygentem chóru Con Fuoco jest Diana Mrugała-Gromek. W repertuarze chóru Con Fuoco znajduje się wiele utworów, od średniowiecznych psalmów, poprzez klasyczne utwory z renesansu i baroku, skończywszy na cztero- lub nawet ośmiogłosowych aranżacjach muzyki współczesnej. Zwieńczeniem pracy twórczej zespołu Con Fuoco jest płyta pod tytułem „Z ogniem”, która została wydana w październiku 2012 roku.
studenci#kulturą#studencka#orkiestra#reprezentacyjna#agh#Orkiestra Reprezentacyjna AGH występuje zarówno w krakowskich klubach studenckich, jak i na międzynarodowych festiwalach, nawiązując zawsze rewelacyjny kontakt z publicznością. Występy muzyków Orkiestry Reprezentacyjnej AGH uświetniają wszystkie ważne wydarzenia w Akademii Górniczo-Hutniczej, takie jak: Barbórka, Dni Otwarte, Dzień Hutnika, Juwenalia czy wreszcie Dzień AGH. Artyści Orkiestry Reprezentacyjnej AGH wykonują głównie muzykę rozrywkową, filmową, jak również popularne marsze. Dźwiękowa paleta barw Orkiestry Reprezentacyjnej AGH składa się z takich instrumentów jak: flet, klarnet, saksofon, trąbka, puzon, waltornia, obój, fagot, tuba, instrumenty perkusyjne oraz gitara.
studenci#kulturą#studencka#klub#taneczny#agh#Studencki Klub Taneczny AGH powstał w 1955 roku i jest najstarszym klubem tego typu w Polsce. Opiekę nad działalnością studenckiego klubu tanecznego agh podczas jego założenia sprawował profesor Marian Wieczysty. Od blisko 60 lat klub taneczny agh prowadzi kursy tańca, a także szkoli tancerzy w sekcji turniejowej. Uczestnicy zajęć studenckiego klubu tanecznego doskonalą swoje umiejętności pod okiem doświadczonych instruktorów – państwa Anny i Stanisława Smoroniów, którzy również są wychowankami studenckiego klubu tanecznego. Siedziba studenckiego klubu tanecznego jest zlokalizowana przy ulicy Reymonta 15, gdzie znajduje się jedna z sal ćwiczeniowych.
studenci#kulturą#studencka#zespół#pieśni#tańca#agh#krakus#Zespół Pieśni i Tańca AGH „Krakus” jest najstarszym studenckim zespołem folklorystycznym w Polsce. Zespół Pieśni i Tańca AGH „Krakus” został założony przez Wiesława Białowąsa przy Akademii Górniczo-Hutniczej w Krakowie w 1949 roku. Zespół Pieśni i Tańca AGH „Krakus” prezentuje oryginalny polski folklor ludowy, przetworzony i przystosowany artystycznie do wymogów sceny.
doktoranci#szkoły#doktorskie#szkoła#doktorska#agh#zasady#rekrutacji#Rekrutacja do Szkoły Doktorskiej AGH, prowadzona jest raz do roku w okresie poprzedzającym rozpoczęcie semestru zimowego. Limit miejsc dostępnych w Szkole doktorskiej agh i listę dyscyplin, na które prowadzona będzie kwalifikacja ustala Prorektor do spraw Nauki po konsultacji z jednostkami zgłaszającymi zagadnienia. Kalendarz rekrutacji do Szkoły doktorskiej agh określa Dyrektor Szkoły Doktorskiej.
doktoranci#szkoły#doktorskie#szkoła#doktorska#agh#program#kształcenia#Kształcenie w Szkole Doktorskiej AGH trwa osiem semestrów, z możliwością wcześniejszego zakończenia pod warunkiem zrealizowania programu kształcenia i osiągnięcia wszystkich efektów uczenia się. Kształcenie w Szkole Doktorskiej AGH prowadzone jest w języku polskim i angielskim. Kształcenie doktoranta szkoły doktorskiej agh kończy się złożeniem rozprawy doktorskiej.
doktoranci#szkoły#doktorskie#szkoła#doktorska#agh#władze#Dyrektorem szkoły doktorskiej agh jest profesor doktor habilitowany marcin szpyrka. zastępcą dyrektora szkoły doktorskiej agh jest profesor doktor habilitowany inżynier marta radecka.
doktoranci#studia#doktoranckie#świadczenia#dla#doktorantów#doktoranci, którzy rozpoczęli studia doktoranckie przed rokiem akademickim 2019/2020 mogą otrzymywać świadczenia: stypendium socjalne, stypendium dla osób niepełnosprawnych, zapomogę stypendium rektora.
doktoranci#studia#doktoranckie#stypendia#minimalne stypendium doktoranckie nie może wynosić mniej niż 60% minimalnego wynagrodzenia asystenta ustalonego w przepisach o wynagradzaniu nauczycieli akademickich, aktualnie jest to kwota 1470 złotych. decyzję o przyznaniu i wysokości stypendium doktoranckiego podejmuje rektor. Stypendium doktoranckie na pierwszym roku może otrzymać doktorant, który otrzymał bardzo dobre wyniki w postępowaniu rekrutacyjnym.
doktoranci#studia#doktoranckie#ubezpieczenie#zdrowotne#Doktoranci niepracujący, którzy ukończyli 26 rok życia powinni zgłosić się do ubezpieczenia zdrowotnego.
doktoranci#studia#doktoranckie#promocje#doktorskie#Ukończenie przewodu doktorskiego i obrona pracy doktorskiej kończą się nadaniem przez Radę Wydziału stopnia doktora. Co roku ponad stu kilkudziesięciu osobom w AGH nadawane są stopnie doktora. Osoby, którym nadano stopień doktora otrzymują dyplom doktora. Dyplomy wypisywane  w Zespole Studiów Doktoranckich wręczane są doktorom na uroczystości promocji doktorskich. Ostatnie promocje doktorskie w roku 2019 odbyły się 8 listopada.
pracownicy#nagrody#i#odznaczenia#nagrodą#im#prof#henryka#czeczotta#konkurs o nagrodę imienia profesora henryka czeczotta nagradza za wybitne prace naukowe, obejmujące zagadnienia mieszczące się w zakresie górnictwa i dziedzin bezpośrednio z nim związanych, opublikowane w okresie ostatnich 4 lat (wlicza się rok ogłoszenia konkursu), zawierające wybitne elementy w stosunku do aktualnego stanu wiedzy i nauki w świecie.
pracownicy#nagrody#i#odznaczenia#nagrodą#im#prof#a#rodziewicza#bielewicza#konkurs o nagrodę imienia profesora antoniego rodziewicza-bielewicza nagradza za wybitne prace naukowe, obejmujące zagadnienia mieszczące się w zakresie hutnictwa i dyscyplin ściśle związanych, zawierające elementy nowości w stosunku do aktualnego stanu wiedzy, nauki i techniki w świecie.
pracownicy#nagrody#i#odznaczenia#nagrodą#im#prof#w#taklinskiego#tytułem do nagrody imienia profesora Władysława Taklińskiego są wybitne osiągnięcia w dziedzinie dydaktyki, na które mogą się składać między innymi: tworzenie nowych metod w dydaktyce i nowych unikalnych kierunków kształcenia; przygotowanie wykładów z nowych dyscyplin; opracowanie uznanych podręczników i skryptów; wyróżniająca się działalność w tworzeniu nowoczesnych laboratoriów i pracowni problemowych dla celów dydaktyki; wyróżniająca się współpraca z kołami naukowymi i uznanie społeczności studenckiej wyrażonej w ocenie. kandydatów do nagrody imienia profesora Władysława Taklińskiego zgłaszają rady wydziałów oraz ich odpowiedniki w jednostkach pozawydziałowych.
absolwenci#własna#kariera#Centrum Karier agh jest jednostką Uczelni zajmującą się wszechstronnym doradztwem zawodowym, pomocą psychologiczną oraz organizacją warsztatów,szkoleń i wykładów (między innymi z zagadnień doskonalenia umiejętności interpersonalnych). Centrum karier agh prowadzi bank ofert pracy, praktyk i staży zawodowych oraz bazę CV poszukujących pracy studentów i absolwentów. W Centrum Karier AGH można uzyskać informacje o firmach i zasadach rekrutacji oraz o programach edukacyjnych, unijnych, wymianach zagranicznych, kursach i innych. Celem działania Akademickiego inkubatora przedsiębiorczości AGH jest propagowanie wśród studentów, doktorantów, absolwentów i pracowników małopolskich szkół wyższych kreatywności i samodzielności zawodowej oraz świadczenie bezpośredniej pomocy w założeniu i prowadzeniu własnej działalności gospodarczej. akademicki inkubator przedsiębiorczości AGH udziela wsparcia osobom zakładającym działalność gospodarczą, tak aby zniwelować do minimum koszty wynajmu i wyposażenia biura, porad prawnych, koszty prowadzenia księgowości i tym podobne. Ideą akademickiego Inkubatora przedsiębiorczości jest umożliwienie kreatywnym i ambitnym ludziom założenia własnej firmy przy minimalnych nakładach finansowych, by po okresie inkubacji mogli już samodzielnie funkcjonować w zwykłych warunkach gospodarczych, wykorzystując zdobyte w Inkubatorze doświadczenia oraz niezbędną wiedzę. akademicki Inkubator przedsiębiorczości jest instytucją wspomagającą swoich beneficjentów na każdym etapie tworzenia firmy, od pomysłu na biznes, poprzez jego urealnienie, do wdrożenia.